rsid,genotype,field,new_value,reason
rs1050450,C/T,genotype,A/G,"PMID 19428448 names the protective allele 'GPX1 rs1050450 T' with HR groups TT/TC in cDNA orientation on a minus-strand gene (GPX1 ENSG00000233276, strand -1), which reverse-complements exactly onto GRCh38 3:49357401 G>A"
rs1050450,T/T,genotype,A/A,"PMID 19428448 names the protective allele 'GPX1 rs1050450 T' with HR groups TT/TC in cDNA orientation on a minus-strand gene (GPX1 ENSG00000233276, strand -1), which reverse-complements exactly onto GRCh38 3:49357401 G>A"
rs11783247,A/A,genotype,T/T,"GRCh38 8:10931365 is C>T (1000G C=0.550/T=0.450) and hosts neither A nor G, while the authored pair is the minus-strand XKR6 (strand -1) spelling that reverse-complements onto it exactly"
rs11783247,A/G,genotype,C/T,"GRCh38 8:10931365 is C>T (1000G C=0.550/T=0.450) and hosts neither A nor G, while the authored pair is the minus-strand XKR6 (strand -1) spelling that reverse-complements onto it exactly"
rs13181,A/C,genotype,G/T,"ERCC2 Lys751Gln is authored as cDNA c.2251A>C on a minus-strand gene (ENSG00000104884) and reverse-complements onto the two alleles actually segregating at 19:45351661 (1000G T=0.763/G=0.237; the third listed allele A is 0.000 in gnomAD exomes)"
rs28940577,A/A,genotype,T/T,"rs28940577 is MEFV p.Met694Val (chr16:g.3293410T>C hg19) on a minus-strand gene, so the wild-type 'A' of PMID 16387839's A2080G notation — the genotype that paper reports as favouring longevity — is forward T at 16:3243410 T>C"
rs28940577,A/G,genotype,C/T,"rs28940577 is MEFV p.Met694Val (chr16:g.3293410T>C hg19) on a minus-strand gene (ENSG00000103313), so the authored cDNA heterozygote A/G is forward C/T at 16:3243410 T>C"
rs4880,C/C,genotype,G/G,"PMID 19428448 names the protective allele 'MnSOD rs4880 C' with HR groups CC/CT in cDNA orientation on a minus-strand gene (SOD2 ENSG00000291237), which reverse-complements exactly onto GRCh38 6:159692840 A>G"
rs4880,C/T,genotype,A/G,"PMID 19428448 names the protective allele 'MnSOD rs4880 C' with HR groups CC/CT in cDNA orientation on a minus-strand gene (SOD2 ENSG00000291237), which reverse-complements exactly onto GRCh38 6:159692840 A>G"
rs1327533,C/G,genotype,G/T,"9:110368883 is bi-allelic T>G with no C observed (1000G T=0.925/G=0.075, gnomAD T=0.916/G=0.084) and the companion hom row establishes G as the effect allele, so the heterozygote is G/T and the authored C is the minus-strand SVEP1 spelling of that same G"
rs3800358,C/T,genotype,G/T,"6:38174228 is bi-allelic G>T with no C observed (1000G G=0.765/T=0.235, Ensembl MA=T) and the companion hom row establishes T as the effect allele, so the heterozygote is G/T and the authored C is the minus-strand BTBD9 spelling of the reference G"
rs660339,C/T,genotype,A/G,"UCP2 A55V c.164C>T sits on a minus-strand gene (ENSG00000175567) so the authored cDNA heterozygote reverse-complements onto 11:73978059 G>A, and PMID 21340542 names the UCP2-Val allele (cDNA T = forward A) as the longevity allele"
rs2107538,A/A,genotype,T/T,"CCL5 is minus-strand (ENSG00000271503) so the -403A allele PMID 22265023 reports as overrepresented in elderly males is forward T at 17:35880776 C>T, which the het row already spells forward while this hom row used promoter/gene orientation"
rs660339,A/C,drop,,"'CA' mixes the minus-strand UCP2 reference C with the forward alt A, so its only reading at bi-allelic 11:73978059 G>A is the heterozygote A/G that this rsID already states at the identical weight 0.245"
rs660339,T/T,drop,,"cDNA T is forward A at 11:73978059 G>A on minus-strand UCP2, so this row is the gene-orientation duplicate of the A/A row this rsID already states at the identical weight 0.49"
rs479744,C/G,drop,,"6:108698829 is bi-allelic G>T with no C observed (1000G G=0.625/T=0.375, gnomAD G=0.677/T=0.323), so whether the authored C denotes forward G or is a second spelling of T, this row's only reading is the heterozygote G/T already stated at the identical weight 0.395"
rs1002149,A/G,drop,,"8:30728221 segregates only G and T (1000G G=0.777/T=0.223, Ensembl MA=T; A unobserved) so the authored A, the complement of T carried at the identical het weight 0.11, is a strand duplicate and the real heterozygote G/T remains"
rs1063192,G/T,drop,,"9:22003368 segregates only G and A (1000G A=0.795/G=0.205, Ensembl MA=G; T unobserved) so the authored T, the minus-strand CDKN2B spelling of A carried at the identical het weight 0.18, is a strand duplicate and the real heterozygote A/G remains"
rs10903420,A/C,drop,,"10:1301531 segregates only A and G (1000G G=0.544/A=0.456, Ensembl MA=A; C and T unobserved) so the authored C, the complement of G carried at the identical het weight 0.175, is a strand duplicate and the real heterozygote A/G remains"
rs11555236,C/T,drop,,"11:233212 segregates only C and A (1000G C=0.885/A=0.115; gnomAD records T at 0.00003 and G at 0.0) so the authored T, the minus-strand SIRT3 spelling of A carried at the identical het weight 0.33, is a strand duplicate and the real heterozygote A/C remains"
rs11555236,T/T,drop,,"11:233212 segregates only C and A (1000G C=0.885/A=0.115; gnomAD records T at 0.00003) so this row is the minus-strand SIRT3 duplicate of the A/A row already stated at the identical weight 0.66"
rs1412832,A/A,drop,,"9:22077544 segregates only C and T (1000G T=0.811/C=0.190, Ensembl MA=C; A and G unobserved) so this row is the reverse-orientation duplicate of the T/T row already stated at the identical weight 0.36"
rs1412832,A/C,drop,,"9:22077544 segregates only C and T (1000G T=0.811/C=0.190, Ensembl MA=C; A unobserved) so the authored A, the complement of T carried at the identical het weight 0.18, is a strand duplicate and the real heterozygote C/T remains"
rs17294019,A/C,drop,,"10:1627152 segregates only C and T (1000G C=0.921/T=0.079, Ensembl MA=T; A unobserved) so the authored A, the complement of T carried at the identical het weight 0.175, is a strand duplicate and the real heterozygote C/T remains"
rs207444,A/C,drop,,"2:31340931 segregates only A and G (1000G G=0.986/A=0.014, Ensembl MA=A; C and T unobserved) so the authored C, the complement of G carried at the identical het weight 0.11, is a strand duplicate and the real heterozygote A/G remains"
rs26802,C/C,drop,,"3:10290681 segregates only T and G (1000G T=0.713/G=0.287, Ensembl MA=G; C unobserved) so this row is the minus-strand GHRL duplicate of the G/G row already stated at the identical weight 0.22"
rs26802,C/T,drop,,"3:10290681 segregates only T and G (1000G T=0.713/G=0.287, Ensembl MA=G; C unobserved) so the authored C, the minus-strand GHRL spelling of G carried at the identical het weight 0.11, is a strand duplicate and the real heterozygote G/T remains"
rs2883881,A/C,drop,,"6:108576183 segregates only A and G (1000G A=0.849/G=0.151, Ensembl MA=G; C and T unobserved) so the authored C, the complement of G carried at the identical het weight 0.25, is a strand duplicate and the real heterozygote A/G remains"
rs4980329,A/A,drop,,"11:232598 segregates only C and T (1000G C=0.885/T=0.115, Ensembl MA=T; A unobserved) so this row is the minus-strand SIRT3 duplicate of the T/T row already stated at the identical weight 0.66"
rs4980329,A/C,drop,,"11:232598 segregates only C and T (1000G C=0.885/T=0.115, Ensembl MA=T; A unobserved) so the authored A, the minus-strand SIRT3 spelling of T carried at the identical het weight 0.33, is a strand duplicate and the real heterozygote C/T remains"
